AACAAGACCCTTGAG,CD4
TACCCGTAATAGCGT,CD8a
ATTGGCACTCAGATG,CD366
GAAAGTCAAAGCACT,CD279
AAGTCGTGAGGCATG,Ms_Ly_6C
TGAAGGCTCATTTGT,CD11b
ACATTGACGCAACTA,Ms_Ly_6G
TTCCGAGGATGATCT,CD49f
TGGCTTCAGGTCCTA,CD44
ATAACCGACACAGTG,CD54
CCGATCAGCCGTTTA,CD90.2
ACACTTAACGTCTGG,CD73
CGCTTGGACGCTTAA,CD49d
TCAATTCCGGTAGTC,CD200
GCCGGACGACATTAA,Isotype_MOPC_21
CTCCTACCTAAACTG,Isotype_MOPC_173
ATATGTATCACGCGA,Isotype_MPC_11
ATCAGCCATGTCAGT,CD19
GATTCTTGACGACCT,Isotype_RTK4530
TGGCTATGGAGCAGA,CD45
ACCATGAGACACAGT,CD25
CCTACACCTCATAAT,CD45R_B220
GATATTCAGTGCGAC,CD102
TTCCGTTGTTGTGAG,CD115
GTTATGGACGCTTGC,CD11c
GGATAATTTCGATCC,CD21_CD35
TCTCTTGGAAGATGA,CD23
TTGGAGGGTTGTGCT,CD43
CAGCTCAGTGTGTTG,CD5
TGGGCCTAAGTCATC,CD62L
GGTATTTCCTGTGGT,CD93
TTAACTTCAGCCCGT,F4_80
AGTCACCTCGAAGCT,FceRIa
GGTCACCAGTATGAT,I_A_I_E
GTAACATTACTCGTC,NK_1_1
CCGCACCTACATTAG,Siglec_H
TCCTATGGGACTCAG,TCR_Bchain
AACCCAAATAGCTGA,TCR_RD_GL3
GCGCGTTTGTGCTAT,TER_119
TTCCTTTCCTACGCA,Ly_6A_E
CACCGTCATTCAACC,CD45_2
GTATGTCCGCTCGAT,CD3
TCGATTCCACCAACT,CD274
CAAGGTATGTCACTG,Rt_CD27
TCCACTCCCTGTATA,CD20
GGCACTCTGTAACAT,CD357
TCCCTGTATAGATGA,CD137
CTCACCTACCTATGG,CD134
TTGTATTCCGCCATT,CD69
GTGTGAGGCACTCTT,CD127
CTGGATTTGTGTATC,CD86
TTCATTAGCCCGCTG,CD103
AGCAATTAACGGGAG,CD64
CAACGCCTAGAAACC,CD150
TATATCTTTGCCGCA,CD24
TCCTTGGATGTACCG,integrin_b7
CGTTCCTACCTACCT,CD106
TTCCCTCTATGGAGC,CD8b
ATCAGATGCCCTCAT,Isotype_RTK2071
GGGAGCGATTCAACT,Isotype_G0114F7
AAGTCAGGTTCGTTT,Isotype_RTK2758
TCCAGGCTAGTCATT,Isotype_RTK4174
CCTGTCATTAAGACT,Isotype_HTK888
GTAGTAGGCTAGACC,KLRG1
ATTCCGTCCCTAAGG,CD223
GAGCAAGATTAAGAC,CD163
CGCGTTAGTAGAGTC,CD49b
GATTCCCTTGTAGCA,CD172a
AGAACCGCCGTAGTT,CD48
TCAATCTCCGTCGCT,CD170
ATTGACGACAGTCAT,CD169
ACCGACCAGTAGACA,CD71
ACTTGGATGGACACT,CD41
AGCTACGCATTCAAT,IgM
TGTATTTACTCACCG,CD301a
CCAGCTCATTCAACG,CD304
TTTGCCGCTACGACA,CD36
CGTATCCGTCTCCTA,CD38
ATTGTTGTCAGACCA,CD55
ATCCGACACGTATTA,CD63
CTTTCTTTCACGGGA,CD68
TAACTCAGTGCGAGT,CD79b
TCTCAGGCTTCCTAG,CD83
CACTCTCAGTCCTAT,CX3CR1
CTTGCCTTGCGATTT,CD301b
TGCTGGAGGGTATTC,Tim_4
TCCATTACCCACGTT,Rt_XCR1
ACGCATTCCTTGTGT,Rt_CD29
TCATATCCGTTGTCC,IgD
AGAGTCTCCCTTTAG,CD11a
ATTCTTTCCCTCTGT,CD200R
ATCAACTTGGAGCAG,CD200R3
GCGTTTGTATGTACT,CD138
TGTGGTAGCCCTTGT,CD317
TAGCAGTCACTCCTA,CD9
GCGAGAAATCTGCAT,CD371
AGGTCCTCTCTGGAT,CD22
GCGATGGAGCATGTT,IL_33Ra
CCAGTAGGCTTATTA,Ly49H
TATATCCCTCAACGC,Ly49D
AATTCCGTCAGATGA,Ly_49A
ACGTAGTCACCTAGT,CD185
CCATTCATTTGTGGC,CD49a
CAACTTGGCCGAATC,CD1d
ACGCAGTATTTCCGA,CD226_10E5
CCCTCTGGTATGGTT,CD199
GTTATGGTTCGTGTT,JAML
TGACCCTATTGAGAA,CD272
TGTAGAGTCAGACCT,PIR_A_B
ATGGCCTGTCATAAT,CD26
GATCCGTGTTGCCTA,CD270
TTGCCGTGTGTTTAA,CD2
GAAGCTGTATCCGAA,CD120b
ATTTGTATGCTGGAG,CD40
GCTGTAGTATCATGT,CD31
AAATCTGTGCCGTAC,CD107a
TTCTTTACCCGCCTG,Rt_CD61
ACATTTCCCTTGCCT,VISTA
TGTCAGGTTGTATTC,CD186
GTGTTTGTGTTCCTG,CD159a
CGATTCTTTGCGAGT,Ly108
GCGTATGTCAGTACC,CD160
ATGTCAACTCTGGGA,CD85k
GGAGTCAGGGTATTA,CD51
CACAGTTGTCCGTGT,CD94
CATATTGGCCGTAGT,CD205
TAGCTTGGGATTAAG,CD155
TTGTCACCAACTTCC,Rt_CD81
GGTACTGAACTTTAG,MOG
TTAAGATCAGGAATC,CTIP2
AATCGAATTGGCATA,TBR1
ATCTGAATCCGGATG,H2AB1
GGTCTAGCAATCGGA,APC
GCATTTCCAGTGCAT,GFP
CTTGATCGTTGACGA,PDGFR2
TTGGACTTAGCAGGT,GFAP
TAAGCTGGACTTACA,PAX6
GCTCAGCTTGGACTG,IBA1
CGAGTGCACCTTGAG,NeuN
GTATAGGTCCATGCC,OLIGO2
TAGTACGGATCCAGT,MBP
GTGCTTAAGCTAAGA,Degraded_MBP
AAACTAAGATGACGG,CUX2_CUX1
GACAAATTGTCAGTT,SATB2